playlist_id,video_id,title,published,view_count,like_count,comment_count,duration,definition,tags,default_audio_language,madeforkid,channel_id,channelTitle
,Bs12qKZ_6_8,5 MINUTES AGO : OpenAI's LEAKED Details Just Shocked Everyone (Everything Revealed),2023-11-21T06:42:44Z,156862,3485,545,PT15M37S,hd,,,False,UCbY9xX3_jW5c2fjlZVBI4cg,TheAiGrid
,6Tnb-D2Ktok,OpenAi's New Q* (Qstar) Breakthrough Explained For Beginners (GPT- 5),2023-11-24T13:00:04Z,222550,2562,322,PT15M40S,hd,,,False,UCbY9xX3_jW5c2fjlZVBI4cg,TheAiGrid
,F95s2bLMNIY,Get Ready for 15 SHOCKING Changes After the Singularity (AGI IS NEAR!),2023-04-09T22:20:39Z,144240,2431,414,PT17M30S,hd,,,False,UCbY9xX3_jW5c2fjlZVBI4cg,TheAiGrid
,R3X6rk1bWF0,How To Create CUSTOM GPTs Easily (Full Tutorial) (For Beginners) Build and sell AI agents,2023-11-07T20:30:03Z,150826,3531,208,PT18M43S,hd,,,False,UCbY9xX3_jW5c2fjlZVBI4cg,TheAiGrid
,-a6E-r8W2Bs,Googles GEMINI Just SHOCKED The ENTIRE INDUSTRY! (GPT-4 Beaten) Full Breakdown + Technical Report,2023-12-06T18:15:01Z,2855744,27262,1817,PT30M43S,hd,,,False,UCbY9xX3_jW5c2fjlZVBI4cg,TheAiGrid
,S3fhqevTByk,Disneys New 'AI Robots' Are Way Too Advanced.,2023-10-19T15:15:02Z,325595,2709,335,PT9M57S,hd,,,False,UCbY9xX3_jW5c2fjlZVBI4cg,TheAiGrid
,Lft0J8sgwS4,How to Use NEW Google Gemini Bard (Full Google Gemini AI Tutorial),2023-12-04T16:11:45Z,146998,1586,76,PT14M45S,hd,,,False,UCbY9xX3_jW5c2fjlZVBI4cg,TheAiGrid
,suNBENzW3Gg,Life After AGI (Universal Basic Income),2023-07-25T16:00:46Z,12370,348,129,PT11M21S,hd,,,False,UCbY9xX3_jW5c2fjlZVBI4cg,TheAiGrid
,Dv4yBH5dwtY,GPT 5 Is Now In Training (Open AI GPT-5 Announcement),2023-11-14T22:00:07Z,52959,1001,164,PT21M44S,hd,,,False,UCbY9xX3_jW5c2fjlZVBI4cg,TheAiGrid
,2kWH3Ieqzm0,We Should ALL Be Worred About Boston Dynamics,2023-03-02T14:15:00Z,291902,3520,520,PT17M27S,hd,,,False,UCbY9xX3_jW5c2fjlZVBI4cg,TheAiGrid
,aoWIR8MS_EM,12 New CREATIVE Custom GPTS (Copy These) Custom GPT Ideas,2023-11-11T21:25:13Z,41918,1090,87,PT16M39S,hd,,,False,UCbY9xX3_jW5c2fjlZVBI4cg,TheAiGrid
,HwUt9ZRziBE,10 Secret Bard Tips And Tricks (How To Use Google Bard)(Google Bard Tutorial),2023-03-29T16:15:01Z,31225,455,28,PT15M53S,hd,,,False,UCbY9xX3_jW5c2fjlZVBI4cg,TheAiGrid
,JVKG6K5203I,Googles ALPHACODE-2 Just SHOCKED The ENTIRE INDUSTRY! Full Breakdown + Technical Report,2023-12-07T16:06:08Z,25252,428,60,PT14M39S,hd,,,False,UCbY9xX3_jW5c2fjlZVBI4cg,TheAiGrid
,gFp18nW7p34,Top 10 NEW Humanoid Robots 2023/2024,2023-10-23T16:15:02Z,38854,528,86,PT21M1S,hd,,,False,UCbY9xX3_jW5c2fjlZVBI4cg,TheAiGrid
,dLfJuhGTmpE,The Secret To AGI - Synthetic Data,2023-12-10T16:00:20Z,21853,526,63,PT23M31S,hd,,,False,UCbY9xX3_jW5c2fjlZVBI4cg,TheAiGrid
,-lVte7lUT5M,Elon Musk’s Disturbing Prediction About AI,2023-10-17T15:15:00Z,104830,1257,409,PT20M21S,hd,,,False,UCbY9xX3_jW5c2fjlZVBI4cg,TheAiGrid
,xHtLD-69Z28,How to Use New Claude 2.1 (Full Claude AI Tutorial),2023-11-29T01:32:57Z,38348,502,23,PT21M2S,hd,,,False,UCbY9xX3_jW5c2fjlZVBI4cg,TheAiGrid
,FRikw-dAvDQ,"New AI Agents, Quantum Computing, Upgrades, AI Upscale, Text To Video (Major AI NEWS#20)",2023-12-08T18:02:50Z,27981,651,66,PT33M45S,hd,,,False,UCbY9xX3_jW5c2fjlZVBI4cg,TheAiGrid
,PxrYD9x3V4E,"Major AI News #23 - Google Gemini -2 , Major ChatGPT Breaches, Google Text To Image And More",2023-12-18T06:25:32Z,43351,863,118,PT29M35S,hd,,,False,UCbY9xX3_jW5c2fjlZVBI4cg,TheAiGrid
,NQ7BZdI4RnQ,OpenAI Just Dropped A BOMBSHELL(SAM ALTMAN FIRED),2023-11-17T22:22:48Z,68028,1243,365,PT10M5S,hd,,,False,UCbY9xX3_jW5c2fjlZVBI4cg,TheAiGrid
,eBE4GNsyDng,Google Gemini LEAKED + Rumours and Predictions - It's about to get real silly,2023-11-03T16:15:02Z,12130,310,30,PT14M14S,hd,,,False,UCbY9xX3_jW5c2fjlZVBI4cg,TheAiGrid
,89nOj7igU-c,Open AI's New 'MAJOR BREAKTHROUGHS Stuns The ENTIRE AI Industry! (GPTS +GPT-4  Turbo),2023-11-06T21:30:00Z,21868,609,76,PT31M27S,hd,,,False,UCbY9xX3_jW5c2fjlZVBI4cg,TheAiGrid
,wkNAxp3dXFY,Google's  NEW GEMINI Takes the Industry By STORM! (NOW ANNOUNCED!),2023-05-14T15:15:03Z,98736,1362,297,PT10M49S,hd,,,False,UCbY9xX3_jW5c2fjlZVBI4cg,TheAiGrid
,iEp3CzKtsyg,"Major AI NEWS#19 (GPT-6 News, Amazons New Q Model, Realtime AI Conversations and More)",2023-11-29T17:15:02Z,38036,1006,113,PT23M1S,hd,,,False,UCbY9xX3_jW5c2fjlZVBI4cg,TheAiGrid
,iGW4btk34yQ,2024 AI : 10 Things Coming In 2024 (A.I In 2024 Major Predictions),2023-12-09T16:00:34Z,189620,2891,225,PT37M15S,hd,,,False,UCbY9xX3_jW5c2fjlZVBI4cg,TheAiGrid
,c0fNbXSmVwo,Deepmind's New AI GNoME Just Changed EVERYTHING! (Materials Breakthrough),2023-12-05T16:30:11Z,20754,505,82,PT10M32S,hd,,,False,UCbY9xX3_jW5c2fjlZVBI4cg,TheAiGrid
,X5jv5K1yx_U,Open AI's New STATEMENT Changes EVERYTHING! (NEW UPDATE!),2023-11-19T18:44:42Z,101035,2140,406,PT13M35S,hd,,,False,UCbY9xX3_jW5c2fjlZVBI4cg,TheAiGrid
,ajYdC6GNVzs,20 Minutes AGO : Sam Altman FINALLY RETURNS TO OPENAI! (NEW BOARD!),2023-11-22T09:00:42Z,14863,432,130,PT8M29S,hd,,,False,UCbY9xX3_jW5c2fjlZVBI4cg,TheAiGrid
,MM9x1iUG3hQ,Teslas OPTIMUS GEN-2 Just SHOCKED The ENTIRE INDUSTRY! Full Breakdown + Technical Report,2023-12-14T19:30:02Z,215868,2745,254,PT11M30S,hd,,,False,UCbY9xX3_jW5c2fjlZVBI4cg,TheAiGrid
,oIxw_rYvAuc,Google Deepmind CEO Shocks Everyone With NEW Statements On GEMINI,2023-08-09T15:45:03Z,18126,311,52,PT9M57S,hd,,,False,UCbY9xX3_jW5c2fjlZVBI4cg,TheAiGrid
,ewWKY7fnEIo,Microsoft's New AI Orca-2 Just Changed EVERYTHING! (Synthetic Data Breakthrough),2023-11-27T21:34:13Z,32925,723,72,PT17M49S,hd,,,False,UCbY9xX3_jW5c2fjlZVBI4cg,TheAiGrid
,f9nveUUiRto,"BREAKING: OpenAI INSIDER Drops BOMBSHELL ""AGI Achieved""",2023-11-23T17:01:19Z,149123,4086,741,PT20M14S,hd,,,False,UCbY9xX3_jW5c2fjlZVBI4cg,TheAiGrid
,xdnbmtsHghs,"NEW OpenAI ""Leaked Document"" Shows We Are NOT READY For Q-STAR (GPT-5)",2023-11-25T23:15:34Z,108286,2246,701,PT21M14S,hd,,,False,UCbY9xX3_jW5c2fjlZVBI4cg,TheAiGrid
,P_irq0lrHa8,Elon Musks New 'GROK AI' Stuns The ENTIRE AI Industry! (Now ANNOUNCED!) (Xai GROK),2023-11-05T13:15:01Z,170118,2251,484,PT15M1S,hd,,,False,UCbY9xX3_jW5c2fjlZVBI4cg,TheAiGrid
,TJbqLD3UV5Y,Open AI's NEW Physical ROBOT Shocks The Entire INDUSTRY (GPT -5 WITH BODY!) (FINALLY HERE!),2023-07-09T16:00:30Z,385196,4430,939,PT16M,hd,,,False,UCbY9xX3_jW5c2fjlZVBI4cg,TheAiGrid
,vFazUQBZZt8,Open AI Insider Just LEAKED GPT 4.5...,2023-12-14T16:11:03Z,50818,1190,332,PT15M51S,hd,,,False,UCbY9xX3_jW5c2fjlZVBI4cg,TheAiGrid
,uF7WOXTGvHg,GPT-4 Vision API :10 NEW MINDBLOWING Abilities + Examples,2023-11-09T16:15:02Z,47739,793,48,PT16M55S,hd,,,False,UCbY9xX3_jW5c2fjlZVBI4cg,TheAiGrid
,xTbg-vo5F0M,Humanes  New 'A.I PIN' Stuns The ENTIRE AI Industry! (Now ANNOUNCED!),2023-11-12T16:15:02Z,22913,568,157,PT19M21S,hd,,,False,UCbY9xX3_jW5c2fjlZVBI4cg,TheAiGrid
,uZ9kiNcbPb0,Open AI Just Dropped A BOMBSHELL (AGI Within 18 Months? ),2023-10-29T16:15:04Z,63051,1450,401,PT20M24S,hd,,,False,UCbY9xX3_jW5c2fjlZVBI4cg,TheAiGrid
,oL8vozetJG0,AI Girlfriends Are Only Making Things Worse (AI Loneliness Epidemic),2023-11-10T16:15:03Z,7958,259,114,PT16M25S,hd,,,False,UCbY9xX3_jW5c2fjlZVBI4cg,TheAiGrid
,RhaRTYH-omE,Open AI's New STATEMENT Just Shocked Everyone (MAJOR UPDATE!),2023-11-18T19:46:53Z,93720,2323,422,PT23M7S,hd,,,False,UCbY9xX3_jW5c2fjlZVBI4cg,TheAiGrid
,1ohE34__VGc,AI Mind Reading is Has Gone Too Far,2023-11-16T16:15:01Z,12750,350,76,PT16M57S,hd,,,False,UCbY9xX3_jW5c2fjlZVBI4cg,TheAiGrid
,1B5Op6iacTM,Open AI JUST RELEASED GPT 4.5 (GPT 4.5 Release Explained),2023-12-17T19:00:00Z,53941,813,107,PT12M26S,hd,,,False,UCbY9xX3_jW5c2fjlZVBI4cg,TheAiGrid
,ZyB63RtQufY,OpenAI's NEWEST STATEMENT Just Shocked The ENTIRE INDUSTRY (Everythings Changed!),2023-11-20T08:42:18Z,58533,1687,330,PT19M38S,hd,,,False,UCbY9xX3_jW5c2fjlZVBI4cg,TheAiGrid
,m6K3XTFdaHE,10 Secret GPT-4 Tips And Tricks (How To Use GPT-4)(GPT-4 Tutorial),2023-03-16T07:54:36Z,199491,1667,164,PT13M44S,hd,,,False,UCbY9xX3_jW5c2fjlZVBI4cg,TheAiGrid
,26sGJESV65E,1 HOUR AGO : Sam ALTMAN Announces NEW CHANGES To OpenAI,2023-11-30T06:13:52Z,88240,1415,285,PT19M14S,hd,,,False,UCbY9xX3_jW5c2fjlZVBI4cg,TheAiGrid
,bDbE5vl7yd8,BREAKING : Sam Altman' Confirms Q* Rumours s (New INTERVIEW),2023-11-30T14:45:03Z,52283,1275,285,PT11M55S,hd,,,False,UCbY9xX3_jW5c2fjlZVBI4cg,TheAiGrid
,MjiIyyZZFPg,2024 AI : 10  DANGERS Things Coming In 2024 (Prepare Yourself),2023-12-12T21:34:08Z,17701,577,89,PT37M17S,hd,,,False,UCbY9xX3_jW5c2fjlZVBI4cg,TheAiGrid
,0PL8DdoLwcY,1 HOUR AGO : ELON MUSK Leaks NEW OpenAI Letter To Directors,2023-11-22T04:57:57Z,97726,1220,343,PT15M3S,hd,,,False,UCbY9xX3_jW5c2fjlZVBI4cg,TheAiGrid
,v3bL4BZmovk,GPT-5 Is Causing Total CHAOS At OpenAI (Sam altman and Ilya Sustkever),2023-12-13T20:35:19Z,63502,1314,235,PT18M35S,hd,,,False,UCbY9xX3_jW5c2fjlZVBI4cg,TheAiGrid
,4_ziOUKgfxM,Adobes New AI 'FIREFLY Photoshop' Has Everyone Stunned! (Now Released!) (How To Use Firefly),2023-05-24T22:43:32Z,762310,8269,432,PT11M44S,hd,,,False,UCbY9xX3_jW5c2fjlZVBI4cg,TheAiGrid
,XTzOxMq-Qk0,Open AI Team STUNS Everyone With NEW Statement On Artificial Superintelligence,2023-07-17T16:00:32Z,93145,1323,438,PT10M16S,hd,,,False,UCbY9xX3_jW5c2fjlZVBI4cg,TheAiGrid
,vsty2r189QI,The Dangers Of Superintelligence (Artificial Intelligence.),2023-02-27T13:15:05Z,100479,1856,324,PT16M14S,hd,,,False,UCbY9xX3_jW5c2fjlZVBI4cg,TheAiGrid
,8e36Y_pdMcw,Open AI Q* (Q-STAR) Exposed - NEW Hidden Details Of Q*,2023-12-03T15:10:20Z,37636,950,143,PT32M57S,hd,,,False,UCbY9xX3_jW5c2fjlZVBI4cg,TheAiGrid
,enKm-xak2wc,Open AI Team Surprises Everyone With Statement On Artificial Superintelligence,2023-05-28T17:15:02Z,69565,967,265,PT8M49S,hd,,,False,UCbY9xX3_jW5c2fjlZVBI4cg,TheAiGrid
,OTmB9BZTYaE,Amazons NEW AI 'Bedrock' Takes the Industry By STORM! (NOW UNVEILED!),2023-04-15T16:15:01Z,116025,2205,208,PT9M52S,hd,,,False,UCbY9xX3_jW5c2fjlZVBI4cg,TheAiGrid
,F9UyTIeaT4o,AUTOGPT  NEW 'AI' Takes the Industry By STORM! (8 New CAPABILITIES),2023-04-28T15:15:01Z,134562,1846,134,PT10M4S,hd,,,False,UCbY9xX3_jW5c2fjlZVBI4cg,TheAiGrid
,J3XDfq5bcfY,Google's  NEW AI 'PALM-2 Takes the Industry By STORM! (NOW RELEASED!),2023-05-11T19:45:00Z,390731,3206,296,PT8M37S,hd,,,False,UCbY9xX3_jW5c2fjlZVBI4cg,TheAiGrid
,sgCO5qtr4lY,This AI Accidentally Showed It Was Conscious W/Elon Musk,2023-01-21T18:31:00Z,80556,1374,334,PT14M,hd,"['artificial intelligence', 'ai']",,False,UCbY9xX3_jW5c2fjlZVBI4cg,TheAiGrid
,ucp49z5pQ2s,Open AI CEO STUNS Everyone With Statements On GPT 5(GPT-5 Update),2023-05-26T16:15:04Z,289955,3026,537,PT11M41S,hd,,,False,UCbY9xX3_jW5c2fjlZVBI4cg,TheAiGrid
,68mGbVou8p0,Nvidia's  NEW 'AI Perfusion' Takes the Industry By STORM! (NOW ANNOUNCED!),2023-05-13T15:15:00Z,78006,1465,144,PT11M44S,hd,,,False,UCbY9xX3_jW5c2fjlZVBI4cg,TheAiGrid
,jq2hJVfjzu0,Nvidias New AI EUREKA Is One Step Closer To AGI (Self Improving),2023-10-27T15:15:02Z,27749,293,33,PT11M24S,hd,,,False,UCbY9xX3_jW5c2fjlZVBI4cg,TheAiGrid
,t1ZNHPPOEZQ,"GPT-4 Caught LYING, Meta's INSANE New AI, No AI Safety? And MORE!! (#AINEWS 18)",2023-10-25T15:15:05Z,10349,368,63,PT19M51S,hd,,,False,UCbY9xX3_jW5c2fjlZVBI4cg,TheAiGrid
,JT5q7u7xxNU,The AI Singularity Is Already Here.. (Artificial Intelligence Singularity) Technological Singularity,2023-01-26T17:15:01Z,124298,1914,432,PT12M58S,hd,,,False,UCbY9xX3_jW5c2fjlZVBI4cg,TheAiGrid
,7zy-fAFnV-A,"The Top 10 AI Powered Robots Coming In 2024 (Nvidia, Open AI, Google...)",2023-05-06T16:15:00Z,32055,528,90,PT10M36S,hd,,,False,UCbY9xX3_jW5c2fjlZVBI4cg,TheAiGrid
,f329TaTe07E,"Major AI BREAKTHROUGH!, Meta AI, VideoGPT, GPT Vision HUGE AI NEWS #17",2023-09-30T15:45:03Z,23785,519,47,PT15M58S,hd,,,False,UCbY9xX3_jW5c2fjlZVBI4cg,TheAiGrid
,W-lbmiX2JK0,Microsoft's New 'PROJECT RUMI' Takes Everyone By SURPRISE! (Now Announced!),2023-08-10T16:00:18Z,21611,258,35,PT9M1S,hd,,,False,UCbY9xX3_jW5c2fjlZVBI4cg,TheAiGrid
,WNQUFnCmxGw,Google's  NEW AI 'Magi' Takes the Industry By STORM! (NOW ANNOUNCED!),2023-04-22T15:15:01Z,149047,1401,245,PT8M58S,hd,,,False,UCbY9xX3_jW5c2fjlZVBI4cg,TheAiGrid
,GDmox198tzQ,Microsofts New CHATGPT UDPATE Has Everyone Stunned! (Now Announced!),2023-05-25T16:15:02Z,110215,1617,199,PT9M32S,hd,,,False,UCbY9xX3_jW5c2fjlZVBI4cg,TheAiGrid
,nhsEUIveYh4,Googles 'MultiModal' AI Gato Continues To To SHAKE UP The Industry,2023-06-28T16:15:02Z,8107,163,20,PT9M29S,hd,,,False,UCbY9xX3_jW5c2fjlZVBI4cg,TheAiGrid
,-Ivbfv_VAnQ,IT JUST HAPPENED! Microsoft And MARK Zuckerberg RELEASE NEW AI (NOW RELEASED!),2023-07-20T18:23:05Z,15715,330,49,PT8M52S,hd,,,False,UCbY9xX3_jW5c2fjlZVBI4cg,TheAiGrid
,30epFM6Vb0s,NVIDIA's NEW AI 'Text To Video Takes the Industry By STORM! (NOW UNVEILED!),2023-04-19T22:13:36Z,210377,3886,433,PT10M29S,hd,,,False,UCbY9xX3_jW5c2fjlZVBI4cg,TheAiGrid
,i5sO-BOFVoo,Google's  NEW AI 'Dreamix' Takes the Industry By STORM! (NOW UNVEILED!),2023-04-16T17:00:31Z,494176,7008,400,PT10M12S,hd,,,False,UCbY9xX3_jW5c2fjlZVBI4cg,TheAiGrid
,HDB2S3XMFVw,USA'S  NEW 'AI POWERED Fighter Jet  Takes the Industry By STORM! (NOW ANNOUNCED!),2023-06-17T16:15:00Z,11703,286,54,PT13M17S,hd,,,False,UCbY9xX3_jW5c2fjlZVBI4cg,TheAiGrid
,JJRDqSiHRrE,Microsofts New AI Chip 'Athena' SHOCKS The Entire Industry,2023-04-29T17:15:00Z,41542,742,98,PT9M36S,hd,,,False,UCbY9xX3_jW5c2fjlZVBI4cg,TheAiGrid
,lC2uPDfaTcE,Nvidia's  NEW 'AI NEURALANGELO Takes the Industry By STORM! (NOW ANNOUNCED!),2023-06-06T16:30:14Z,64743,1076,73,PT11M28S,hd,,,False,UCbY9xX3_jW5c2fjlZVBI4cg,TheAiGrid
,AAwN2SzyNnY,Microsofts New 'ORCA' Takes Everyone By SURPRISE! (Now ANNOUNCED!),2023-06-22T22:23:48Z,68428,648,87,PT11M10S,hd,,,False,UCbY9xX3_jW5c2fjlZVBI4cg,TheAiGrid
,SZ7ycinkoxM,"New SELF IMPROVING AI, Major AI Breakthrough, New AI Robot + More (AI NEWS #17)-",2023-10-13T15:15:03Z,9339,193,48,PT15M5S,hd,,,False,UCbY9xX3_jW5c2fjlZVBI4cg,TheAiGrid
,bS88NVwzeig,This is Why GPT 5 Will Change The World (CHAT GPT 5),2023-03-31T01:34:20Z,649163,7185,1015,PT12M33S,hd,,,False,UCbY9xX3_jW5c2fjlZVBI4cg,TheAiGrid
,DQxDgCkW9Yw,Googles New SELF IMPROVING AI 'Robocat' Takes Everyone By SURPRISE! (Now ANNOUNCED!),2023-06-25T16:15:00Z,31927,402,76,PT11M50S,hd,,,False,UCbY9xX3_jW5c2fjlZVBI4cg,TheAiGrid
,-_CGhtaDwio,Google's  NEW AI UPGRADE 'BARD' Takes the Industry By STORM! (NOW RELEASED!),2023-05-12T19:25:57Z,27702,519,92,PT8M55S,hd,,,False,UCbY9xX3_jW5c2fjlZVBI4cg,TheAiGrid
,dHY5LWfkYLk,NVIDIAS NEW Insane PICASSO SHOCKS The Entire Industry! (NEW SOFTWARE ANNOUNCED!),2023-03-22T21:15:01Z,406985,5428,444,PT10M41S,hd,,,False,UCbY9xX3_jW5c2fjlZVBI4cg,TheAiGrid
,hgqhdX3CoW0,ChatGPT'S New 'VISION AND AUDIO' Stuns The ENTIRE AI Industry! (Now RELEASED!),2023-09-26T20:15:02Z,12514,223,53,PT11M13S,hd,,,False,UCbY9xX3_jW5c2fjlZVBI4cg,TheAiGrid
,zqSJG39HQoM,The Evolution Of ChatGPT From GPT-1 To GPT-4,2023-05-04T17:15:02Z,11985,232,28,PT12M42S,hd,,,False,UCbY9xX3_jW5c2fjlZVBI4cg,TheAiGrid
,3_i9zv_b9nE,"GPT-4 Gets DOWNGRADED, Ai Robots Try To TAKEOVER, New Existential AI Threats (AiNews #7)",2023-07-21T16:00:03Z,26531,534,70,PT23M57S,hd,,,False,UCbY9xX3_jW5c2fjlZVBI4cg,TheAiGrid
,3Kc1E-qKSpw,AI Robots: Disturbing Indications That'll Leave You Worried,2023-04-11T18:15:01Z,7204,194,25,PT14M22S,hd,,,False,UCbY9xX3_jW5c2fjlZVBI4cg,TheAiGrid
,oBjlHeBvYGI,Boston Dynamics Isnt The Only Company To Be Worried About...,2023-08-11T16:00:42Z,10288,209,28,PT12M38S,hd,,,False,UCbY9xX3_jW5c2fjlZVBI4cg,TheAiGrid
,loW6FLxMH2c,How Do We Prevent A.I From Killing Us? (The Alignment problem Explained),2023-05-29T15:45:02Z,7587,190,69,PT11M10S,hd,,,False,UCbY9xX3_jW5c2fjlZVBI4cg,TheAiGrid
,r5JvhWpNbqM,MICROSOFTS New AGI JARVIS  SHOCKS The Entire Industry! (FINALLY ANNOUNCED!),2023-04-14T18:06:46Z,138744,1914,175,PT10M6S,hd,,,False,UCbY9xX3_jW5c2fjlZVBI4cg,TheAiGrid
,R8FtUWyOPNg,Googles AI Bard Can Now SEE! (Major Bard MULTIMODAL Upgrade Shocks Everyone!),2023-07-18T16:00:30Z,14087,333,47,PT12M57S,hd,,,False,UCbY9xX3_jW5c2fjlZVBI4cg,TheAiGrid
,h6tYRjE92gA,"ChatGPTS MASSIVE UPDATE, Ai Discovers NEW PLANET, Googles New Robot, Text To Video [AI News#2]",2023-05-03T16:45:01Z,103920,2608,204,PT14M42S,hd,,,False,UCbY9xX3_jW5c2fjlZVBI4cg,TheAiGrid
,7hztoCMVo0U,Microsoft's VISUALChatGPT Takes the Industry By STORM! (NOW UNVEILED!),2023-04-08T22:16:15Z,329917,2492,144,PT10M28S,hd,,,False,UCbY9xX3_jW5c2fjlZVBI4cg,TheAiGrid
,UiP3kfZVG_M,ELON MUSK STUNS Everyone With  NEW Statements On AI (Exclusive Elon Musk Interview),2023-08-08T16:00:23Z,9698,149,42,PT10M17S,hd,,,False,UCbY9xX3_jW5c2fjlZVBI4cg,TheAiGrid
,7jkVNtro-6c,Mercedes Benz 'CHATGPT Powered CAR' Takes Everyone By SURPRISE! (Now RELEASED!),2023-07-08T16:15:00Z,7976,141,25,PT11M14S,hd,,,False,UCbY9xX3_jW5c2fjlZVBI4cg,TheAiGrid
,oG1lpU5wmT0,"GPT 5 News, Perfect Image To 3D, Apple GPT + Much More -  AI NEWS#10",2023-08-06T20:45:01Z,16837,283,45,PT20M1S,hd,,,False,UCbY9xX3_jW5c2fjlZVBI4cg,TheAiGrid
,jwx5gMe8gX4,ChatGPT and AI are about to TAKEOVER these industries (Be Prepared),2023-02-14T00:18:22Z,6959,178,8,PT16M10S,hd,,,False,UCbY9xX3_jW5c2fjlZVBI4cg,TheAiGrid
,H_bLpa9oAJ8,Microsoft's New AI 'PHI-1' Just SURPRISED EVERYONE! (Now ANNOUNCED!),2023-06-29T19:15:00Z,22098,415,29,PT11M56S,hd,,,False,UCbY9xX3_jW5c2fjlZVBI4cg,TheAiGrid
,Xd8fNiySYLQ,5 MINUTES AGO: ELON MUSK STUNS Everyone With Statements On X.AI (Exclusive Elon Musk Interview),2023-07-16T20:48:42Z,214523,3009,702,PT17M39S,hd,,,False,UCbY9xX3_jW5c2fjlZVBI4cg,TheAiGrid
,JyVH4FbSwFo,GPT-5 Presents EXTREME RISK (Google's New Warning),2023-06-10T16:15:02Z,590158,9557,2233,PT25M12S,hd,,,False,UCbY9xX3_jW5c2fjlZVBI4cg,TheAiGrid
,C2yRPPdgCOE,ELON MUSK STUNS Everyone With Statements On PHYSICAL AI ROBOT (Exclusive Elon Musk Interview),2023-07-24T16:00:17Z,17953,299,105,PT10M26S,hd,,,False,UCbY9xX3_jW5c2fjlZVBI4cg,TheAiGrid
,M2Yx7zwE9q4,Googles New VIDEO AI 'Magvit' Continues To To SHAKE UP The Industry,2023-07-04T16:15:01Z,15795,298,31,PT14M12S,hd,,,False,UCbY9xX3_jW5c2fjlZVBI4cg,TheAiGrid
,RoGDhtaWI4M,ADOBES NEW AI 'Firefly VIDEO' SHOCKS The ENTIRE Industry!,2023-04-27T15:15:01Z,48712,688,90,PT9M28S,hd,,,False,UCbY9xX3_jW5c2fjlZVBI4cg,TheAiGrid
,aaFnWghXhvE,Apples New AI Features Has Everyone Stunned! (Now Announced!) (WWDC) (AppleA AI),2023-06-05T21:29:17Z,110099,1197,146,PT14M31S,hd,,,False,UCbY9xX3_jW5c2fjlZVBI4cg,TheAiGrid
,X00eV6u7my0,"ChatGPT'S New 'Code Interpreter' Shocks Everyone! (Upload Files, Edit Videos + Examples, Full Guide)",2023-05-22T19:09:42Z,59878,1448,125,PT9M42S,hd,,,False,UCbY9xX3_jW5c2fjlZVBI4cg,TheAiGrid
,Wf-s9C9uf7U,6 Minutes Ago: Godfather Of AI Shared Terrifying Message About Artificial Intelligence,2023-07-26T19:19:04Z,33385,564,177,PT19M13S,hd,,,False,UCbY9xX3_jW5c2fjlZVBI4cg,TheAiGrid
,ZR9saRd1VII,"INCREDIBLE ChatGPT UPGRADE, NEW AI Robot's Walking, META'S New MULTIMODAL Ai [AINEWS#4]",2023-05-21T16:45:01Z,28401,672,103,PT16M31S,hd,,,False,UCbY9xX3_jW5c2fjlZVBI4cg,TheAiGrid
,rgQm0G3bC28,Microsoft New SELF IMPROVING AI STUNS The ENTIRE Industry (SELF-TAUGHT OPTIMIZER (STOP):,2023-10-15T15:15:02Z,12306,321,40,PT11M18S,hd,,,False,UCbY9xX3_jW5c2fjlZVBI4cg,TheAiGrid
,JNl1bw13y-g,The Strange Rise Of Sam Altman and AGI (Artificial General Intelligence),2023-05-18T20:45:29Z,12281,256,45,PT9M42S,hd,,,False,UCbY9xX3_jW5c2fjlZVBI4cg,TheAiGrid
,UqkBEoOHh_w,Meta's New AI Tool DESTROYS GOOGLE! (Now Released),2023-06-15T16:45:02Z,20088,276,27,PT14M31S,hd,,,False,UCbY9xX3_jW5c2fjlZVBI4cg,TheAiGrid
,dU1TeJ36zuc,"HUGE AI NEWS #16 DALLE-3 , New BARD, Midjourney 3D, New Self Driving, Youtube AI and More",2023-09-22T16:00:37Z,5896,189,9,PT19M9S,hd,,,False,UCbY9xX3_jW5c2fjlZVBI4cg,TheAiGrid
,sGYWQiU7C70,"GPT-5 News, GPT-4 IMPROVES 900%, AI Crashes The Stockmarket ,Microsoft Announcement,[AINEWS#6]",2023-05-27T16:15:04Z,212688,3712,258,PT13M35S,hd,,,False,UCbY9xX3_jW5c2fjlZVBI4cg,TheAiGrid
,nI6OzSZ0hqk,ChatGPT'S New 'CUSTOM INSTRUCTIONS' Change EVERYTHING (Now RELEASED!),2023-07-23T20:42:37Z,16414,394,42,PT12M5S,hd,,,False,UCbY9xX3_jW5c2fjlZVBI4cg,TheAiGrid
,ssFV8GrnLpI,"ChatGPT'S New 'BROWSING UPDATE' Surprises Everyone! (Access Internet, Plugins + Examples)",2023-05-23T15:15:03Z,32144,430,68,PT14M20S,hd,,,False,UCbY9xX3_jW5c2fjlZVBI4cg,TheAiGrid
,mKpdsQe0sO8,"GPT 5 Unveiled: Everything We Know So Far (Release Date, Parameter Size, Predicted Abilities)",2023-07-07T16:00:43Z,43261,631,131,PT27M22S,hd,,,False,UCbY9xX3_jW5c2fjlZVBI4cg,TheAiGrid
,NmgfQ-Q85M8,"HUGE AI NEWS #15 GPT-5 Update ,New Microsoft AI, More AI Robots Are HERE.",2023-09-15T15:15:01Z,29227,679,70,PT28M9S,hd,,,False,UCbY9xX3_jW5c2fjlZVBI4cg,TheAiGrid
,a_V2nA5fuJE,"ChatGPT Now 10x SMARTER, AI Can READ YOUR MIND, Open AI's NEW 3D MODEL and More [AINEWS#3]",2023-05-09T21:31:23Z,66368,1484,180,PT14M35S,hd,,,False,UCbY9xX3_jW5c2fjlZVBI4cg,TheAiGrid
,TfouuV1etD8,"Chat GPT Explains How It Would Kill, W/Elon Musk",2023-01-18T06:13:52Z,12115,184,20,PT12M32S,hd,,,False,UCbY9xX3_jW5c2fjlZVBI4cg,TheAiGrid
,A7gBbBkLkns,Microsofts New 'KOSMOS 2' Multimodal Takes Everyone By SURPRISE! (Now RELEASED!),2023-07-02T18:54:07Z,255067,775,109,PT17M28S,hd,,,False,UCbY9xX3_jW5c2fjlZVBI4cg,TheAiGrid
,fk-e8CvowSE,Apples'  NEW  AI 'QUARTZ' Takes the Industry By STORM! (NOW ANNOUNCED!),2023-05-16T17:30:04Z,118017,1114,167,PT11M7S,hd,,,False,UCbY9xX3_jW5c2fjlZVBI4cg,TheAiGrid
,3ZqJaL1jJN4,Bloombergs New INSANE BloombergGPT Takes the Industry By STORM! (NOW UNVEILED!),2023-04-11T03:24:20Z,15198,284,32,PT11M19S,hd,,,False,UCbY9xX3_jW5c2fjlZVBI4cg,TheAiGrid
,XMURtKvO-Pk,5  MINUTES AGO:  LK-99 SuperConductor FINALLY Gets Replicated,2023-08-03T16:00:20Z,92927,965,333,PT9M30S,hd,,,False,UCbY9xX3_jW5c2fjlZVBI4cg,TheAiGrid
,AcFG9kp9K7o,Elon Musks Shocking New AI Prediction,2023-12-23T18:20:59Z,57985,1211,343,PT21M19S,hd,,,False,UCbY9xX3_jW5c2fjlZVBI4cg,TheAiGrid
,q_ebiphq2Pk,Google's  NEW 'StyleDrop'' Takes Everyone By SURPISE! (NOW ANNOUNCED!),2023-06-12T22:42:46Z,42568,904,97,PT17M5S,hd,,,False,UCbY9xX3_jW5c2fjlZVBI4cg,TheAiGrid
,vT2kIOEr60A,New AI 'VIDEOGPT' SHOCKS The ENTIRE INDUSTRY (FINALLY RELEASED!),2023-04-29T23:00:21Z,72518,1574,155,PT10M31S,hd,,,False,UCbY9xX3_jW5c2fjlZVBI4cg,TheAiGrid
,PqSbPLwStAc,This AI Researcher Just Revealed SHOCKING ChatGPT/AI BOMBSHELL,2023-08-05T19:09:11Z,22798,443,126,PT21M50S,hd,,,False,UCbY9xX3_jW5c2fjlZVBI4cg,TheAiGrid
,w2p1Duv22uI,ADOBE'S NEW Insane FIREFLY SHOCKS The Entire Industry! (FINALLY ANNOUNCED!),2023-03-23T13:30:20Z,859647,13917,817,PT14M23S,hd,,,False,UCbY9xX3_jW5c2fjlZVBI4cg,TheAiGrid
,ie8l3SmtBpU,Open AI'S SECRET Project Sunshine Was Just REVEALED (GPT-4  With Memory + Advanced Features),2023-12-21T13:26:00Z,27105,674,84,PT18M2S,hd,,,False,UCbY9xX3_jW5c2fjlZVBI4cg,TheAiGrid
,he93KM70NQc,"MASSIVEAI NEWS #14 ChatGPT Comes ALIVE , AI Robots Are HERE, Massive Midjourney UPDATE,",2023-09-02T16:00:23Z,30495,773,117,PT25M50S,hd,,,False,UCbY9xX3_jW5c2fjlZVBI4cg,TheAiGrid
,BGa24bsRKJM,"GPT-4 BEATEN, Deepminds New AI, Googles Secret AI,",2023-07-03T16:15:00Z,30282,547,48,PT15M45S,hd,,,False,UCbY9xX3_jW5c2fjlZVBI4cg,TheAiGrid
,k63-eElwz2k,Bill Gates Shocking New 2024 AI Prediction ( AGI + AI Agents),2023-12-24T21:24:26Z,18700,664,121,PT33M54S,hd,,,False,UCbY9xX3_jW5c2fjlZVBI4cg,TheAiGrid
,mAh1ls2sAKM,Google's  NEW TERRYIFYING AI 'Soundstorm' Shocks The ENTIRE INDUSTRY! (NOW ANNOUNCED!),2023-06-09T16:15:02Z,263780,4453,605,PT19M3S,hd,,,False,UCbY9xX3_jW5c2fjlZVBI4cg,TheAiGrid
,jJdG5J8VbWM,"OpenAI : ""Brace Yourselves, AGI Is Coming"" Shocks Everyone!",2023-12-20T23:02:03Z,67356,1737,584,PT27M58S,hd,,,False,UCbY9xX3_jW5c2fjlZVBI4cg,TheAiGrid
,2BYC4_MMs8I,Googles's NEW INSANE PALM-E SHOCKS The Entire Industry! (PaLM-E Google ANNOUNCED!)(Multimodal),2023-03-12T02:13:08Z,308689,5689,490,PT9M10S,hd,,,False,UCbY9xX3_jW5c2fjlZVBI4cg,TheAiGrid
,L_lQJQgO_tg,Google's  NEW AI 'Text-To-Music' Shocks The ENTIRE INDUSTRY! (NOW RELEASED!),2023-05-20T18:34:39Z,17174,354,48,PT14M3S,hd,,,False,UCbY9xX3_jW5c2fjlZVBI4cg,TheAiGrid
,Bps_Quhliv0,GPT 4 Will Change The World (Chat GPT 4),2023-02-08T22:51:45Z,54090,719,68,PT17M59S,hd,,,False,UCbY9xX3_jW5c2fjlZVBI4cg,TheAiGrid
,M4TbfpGUagY,How to Use NEW Midjourney V6 (Full Midjourney v6 Tutorial) (Dalle -3 KILLER),2023-12-23T09:07:08Z,7237,145,15,PT24M19S,hd,,,False,UCbY9xX3_jW5c2fjlZVBI4cg,TheAiGrid
,CrkcP3LBJfQ,20  MINUTES AGO: NEW LK-99 SAMPLE Finally WORKS! (BREAKING NEWS!),2023-08-04T15:15:00Z,19110,231,67,PT9M18S,hd,,,False,UCbY9xX3_jW5c2fjlZVBI4cg,TheAiGrid
,7r6BNr7r9Wc,Elons Musk Scary WARNINGS About GPT-5,2023-07-27T21:07:30Z,20574,317,154,PT19M46S,hd,,,False,UCbY9xX3_jW5c2fjlZVBI4cg,TheAiGrid
,gcHzu2Fw3ds,Metas New TEXT-TO-IMAGE Takes Everyone By SURPRISE! (Now Announced!) CM3leon,2023-07-19T16:15:04Z,12661,193,26,PT10M18S,hd,,,False,UCbY9xX3_jW5c2fjlZVBI4cg,TheAiGrid
,8ZTxbLx8qpA,Microsoft's NEW INSANE COPILOT SHOCKS The Entire Industry! (COPILOT Was Just ANNOUNCED!),2023-03-16T20:30:00Z,66372,771,93,PT11M50S,hd,,,False,UCbY9xX3_jW5c2fjlZVBI4cg,TheAiGrid
,QfDxWbtEfW8,Nobody Is Prepared For OpenAI'S AGI Systems (We are not ready for this),2023-10-31T16:15:03Z,19945,592,159,PT18M59S,hd,,,False,UCbY9xX3_jW5c2fjlZVBI4cg,TheAiGrid
,ocUVg221CCQ,OPEN-AI'S FIRST PHYSICAL ROBOT SHOCKS The Entire Industry! (FINALLY ANNOUNCED!),2023-04-04T16:15:04Z,378330,2091,467,PT10M43S,hd,,,False,UCbY9xX3_jW5c2fjlZVBI4cg,TheAiGrid
,e-37Gr_ecqE,Meta's  NEW INSANE LLaMA GPT : SHOCKS The Entire Industry! (GPT Facebook ANNOUNCED!),2023-03-13T09:30:08Z,36838,734,128,PT9M25S,hd,,,False,UCbY9xX3_jW5c2fjlZVBI4cg,TheAiGrid
,kbL35usE8L0,"GPT-4 Gets IMAGES, Midjourneys Massive Update, MAJOR ChatGPT HACK (+More AI NEWS)",2023-06-26T19:10:41Z,26875,506,80,PT29M24S,hd,,,False,UCbY9xX3_jW5c2fjlZVBI4cg,TheAiGrid
,ob47livsDa8,10 Secret MIDJOURNEY V5 Tips And Tricks (How To Use MIDJOURNEY V5),2023-03-16T16:30:14Z,13959,193,9,PT14M54S,hd,,,False,UCbY9xX3_jW5c2fjlZVBI4cg,TheAiGrid
,SeDIankMvak,GROUNDBREAKING New TEXT TO VIDEO Stuns The ENTIRE AI Industry!,2023-07-22T16:15:01Z,12171,274,39,PT11M16S,hd,,,False,UCbY9xX3_jW5c2fjlZVBI4cg,TheAiGrid
,4joMUrqOWO8,Open AI's NEW INSANE GPT-4 SHOCKS The Entire Industry! (Microsoft GPT-4 ANNOUNCED!)(Multimodal),2023-03-14T23:20:24Z,109956,1663,182,PT13M26S,hd,,,False,UCbY9xX3_jW5c2fjlZVBI4cg,TheAiGrid
,nRE2YxHYn6U,GPT-4 Exposed! 12 New GAME-CHANGING Discoveries (New Research Paper),2023-03-25T22:33:09Z,7333,255,14,PT17M23S,hd,,,False,UCbY9xX3_jW5c2fjlZVBI4cg,TheAiGrid
,0vuDxEh79Uc,"Snapchats New AI, Elon Musks New AI, GPT4, AutoGPT, , Facebooks New AI [Weekly Dose Of AI #1]",2023-04-23T15:45:00Z,42417,980,112,PT13M16S,hd,"['GPT-5', 'GPT-4', 'Elon musk']",,False,UCbY9xX3_jW5c2fjlZVBI4cg,TheAiGrid
,vhhPlMETa20,Disneys NEW INSANE JUDY ROBOT SHOCKS The Entire Industry! (AI ROBOT  ANNOUNCED!),2023-03-17T14:15:06Z,42442,713,124,PT10M45S,hd,,,False,UCbY9xX3_jW5c2fjlZVBI4cg,TheAiGrid
,S0bX4ZhkDj0,The US Government Just Changed EVERYTHING (New AI EXECUTIVE ORDER!),2023-11-01T17:15:02Z,10330,320,154,PT23M24S,hd,,,False,UCbY9xX3_jW5c2fjlZVBI4cg,TheAiGrid
,CW5xgCxXwdY,Chat GPT 4 Was Just ANNOUNCED (Open AI GPT 4),2023-02-04T07:27:42Z,68446,856,101,PT15M5S,hd,,,False,UCbY9xX3_jW5c2fjlZVBI4cg,TheAiGrid
,7aekr13tdKI,MICROSOFTS NEW Insane BING Image Creator SHOCKS The Entire Industry! (NEW SOFTWARE ANNOUNCED!),2023-03-22T07:00:05Z,112098,2031,184,PT13M59S,hd,,,False,UCbY9xX3_jW5c2fjlZVBI4cg,TheAiGrid
,jTcxjDE5PdY,Microsoft's NEW INSANE GPT 4 SHOCKS The Entire Industry! (GPT Was Just ANNOUNCED!),2023-03-10T22:00:16Z,131534,2194,220,PT9M57S,hd,,,False,UCbY9xX3_jW5c2fjlZVBI4cg,TheAiGrid
,MyDNApZA1Sw,Snapchats  NEW 'MyAI' Takes the Industry By STORM! (NOW RELEASED!),2023-04-26T15:30:05Z,11830,210,38,PT8M54S,hd,,,False,UCbY9xX3_jW5c2fjlZVBI4cg,TheAiGrid
,s3CnL4ky3TM,GROUNDBREAKING New GPTBOTS Stuns The ENTIRE AI Industry! (Custom CHATGPT Bots),2023-09-21T18:51:07Z,4445,153,14,PT14M55S,hd,,,False,UCbY9xX3_jW5c2fjlZVBI4cg,TheAiGrid
,4KmhkROrmvg,Apples New 'APPLE GPT' Stuns THE ENTIRE INDUSTRY! (Now ANNOUNCED!),2023-08-01T19:27:06Z,13439,208,31,PT8M26S,hd,,,False,UCbY9xX3_jW5c2fjlZVBI4cg,TheAiGrid
,89yPjWjss7Y,"AI Drone Kills Operator, GPT 4.2 Leaks,Bard Gets SUPERCHARGED, And Much More [AI NEWS #5]",2023-06-16T16:15:00Z,114044,1516,186,PT23M15S,hd,,,False,UCbY9xX3_jW5c2fjlZVBI4cg,TheAiGrid
,C7kgxz4S67s,Elon Musks TruthGPT STUNS The Entire Industry (FINALLY ANNOUNCED!),2023-04-21T15:00:10Z,191834,993,263,PT8M38S,hd,,,False,UCbY9xX3_jW5c2fjlZVBI4cg,TheAiGrid
,x6bZOjzfCqo,OpenAI'S GPT-4 Finally Gets IMAGES (Now RELEASED!),2023-06-27T19:41:15Z,121401,1359,135,PT16M13S,hd,,,False,UCbY9xX3_jW5c2fjlZVBI4cg,TheAiGrid
,thMU9t6nxaw,Google Reveals SHOCKING Plan To Release Model 10x Better Than GPT-4,2023-05-02T16:00:41Z,40460,901,187,PT11M3S,hd,,,False,UCbY9xX3_jW5c2fjlZVBI4cg,TheAiGrid
,KYD2TafoR6I,META’S New Insane AI SAM SHOCKS The Entire Industry! (FINALLY ANNOUNCED!),2023-04-07T21:00:07Z,106206,1612,305,PT14M8S,hd,,,False,UCbY9xX3_jW5c2fjlZVBI4cg,TheAiGrid
,PGPM6Zp3cmg,ChatGPT Isnt Even The Best...,2023-02-15T16:30:06Z,3809,120,5,PT13M57S,hd,,,False,UCbY9xX3_jW5c2fjlZVBI4cg,TheAiGrid
,0a5e0iCW6bE,"MASSIVE AI NEWS #13 Everything Just CHANGED! New AI Robots, AI Reads Minds, , New AI Text To Video",2023-08-20T16:00:02Z,24331,590,60,PT22M51S,hd,,,False,UCbY9xX3_jW5c2fjlZVBI4cg,TheAiGrid
,I7untUb8yP0,GOOGLE and ANTHROPIC's NEW Insane CLAUDE SHOCKS The Entire Industry! (FINALLY ANNOUNCED!),2023-03-24T15:15:02Z,16704,335,43,PT13M51S,hd,,,False,UCbY9xX3_jW5c2fjlZVBI4cg,TheAiGrid
,ieASrYhJuBM,OPERA'S NEW Insane AI TOOL SHOCKS The Entire Industry! (FINALLY ANNOUNCED!),2023-04-02T16:15:02Z,19478,303,34,PT17M55S,hd,,,False,UCbY9xX3_jW5c2fjlZVBI4cg,TheAiGrid
,LB4SgeF8k3Y,The Dangers Of Chat GPT w/Elon Musk,2023-01-31T04:09:05Z,1920,46,1,PT15M54S,hd,,,False,UCbY9xX3_jW5c2fjlZVBI4cg,TheAiGrid
,0hizFjB76DI,MICROSOFTS NEW Insane AI TOOL SHOCKS The Entire Industry! (FINALLY ANNOUNCED!),2023-04-01T16:15:00Z,39677,510,54,PT16M39S,hd,,,False,UCbY9xX3_jW5c2fjlZVBI4cg,TheAiGrid
,psR2IiQBnwk,CANVA'S NEW Insane AI TOOL SHOCKS The Entire Industry! (FINALLY ANNOUNCED!),2023-04-03T16:15:02Z,34032,567,61,PT23M27S,hd,,,False,UCbY9xX3_jW5c2fjlZVBI4cg,TheAiGrid
,Bps_Quhliv0,GPT 4 Will Change The World (Chat GPT 4),2023-02-08T22:51:45Z,54090,719,68,PT17M59S,hd,,,False,UCbY9xX3_jW5c2fjlZVBI4cg,TheAiGrid
,aDODlhNwBBU,GOOGLE'SNEW Insane BARD SHOCKS The Entire Industry! (FINALLY ANNOUNCED!),2023-03-22T14:30:00Z,7516,203,29,PT8M53S,hd,,,False,UCbY9xX3_jW5c2fjlZVBI4cg,TheAiGrid
